列1,列2,列3
flatten,vt.把…弄平；击倒,
credit,vt.&n.相信，信任,
commend,vt.称赞，表扬；推荐,
tanker,n.油船；空中加油飞机,
guitar,n.吉他，六弦琴,
regulation,n.规章，规则；调节,
refrain,vi.抑制，制止，忍住,
warrant,n.许可证，委任状,
rational,a.推理的；适度的,
grant,n.授予物，拨款,
uneasy,a.不安的；拘束的,
divine,a.神的；敬神的,
lining,n.(衣服里的)衬里,
burglar,n.夜盗，窃贼,
gross,a.(语言、举止)粗俗的,
errand,n.差使，差事,
instructor,n.指导者，教员,
herald,ad.传令官；通报者,
senseless,a.愚蠢的，无意义的,
coffin,n.棺材，柩,
void,a.空的；无效的,
orchestra,n.管弦乐队的全部乐器,
velocity,n.迅速，快速,
composer,n.作曲家；调停人,
position,n.主张，立场；形势,
spiral,a.螺旋(形)的，盘旋的,
replacement,n.归还；取代；置换,
lessen,vt.减少,vi.变少
ohm,n.欧姆,
systematically,ad.系统地，有规则地,
govern,vt.决定，支配；控制,
descendant,n.子孙，后裔；弟子,
erect,a.竖起的,
thereof,ad.它的，其；由此,
dependant,n.受赡养者；侍从,
offer,vt.呈现出,vi.出现
possibility,n.可能的事,
ruby,n.红宝石,
forum,n.论坛，讨论会,
baffle,vt.使挫折,n.迷惑
electrode,n.电极；电焊条,
notion,n.概念，意念；看法,
expel,vt.驱逐，开除；排出,
persistence,n.坚持；持续，存留,
ultrasonic,a.超声的,n.超声波
amplitude,n.广大；充足；振幅,
stationery,n.文具；信笺,
bump,vt.撞击,vi.撞
serpent,n.蛇(尤指大蛇或毒蛇),
manuscript,n.手稿，底稿，原稿,
dominant,a.统治的,n.主因
storm,n.爆发,vt.&vi.猛攻
tiresome,a.使人厌倦的，讨厌的,
cigar,n.雪茄烟，叶卷烟,
prejudice,n.偏见，成见；损害,
magician,n.魔法师；变戏法的人,
immortal,a.不朽的；永生的,
substantial,a.物质的；坚固的,
quench,vt.熄灭，扑灭；压制,
diploma,n.毕业文凭，学位证书,
reef,n.礁，礁石，暗礁,
descent,n.下降；出身；斜坡,
desert,vt.遗弃；擅离(职守),
deputy,n.代理人,a.副的
feel,vi.摸起来,
flutter,vi.(鸟)振翼；飘动,
plateau,n.高原；平稳时期,
dessert,n.甜点心,
what,a.所…的，尽可能多的,
probe,n.探针,vt.用探针探查
irritate,vt.激怒；引起不愉快,
breakdown,n.崩溃，倒塌；失败,
adore,vt.崇拜；很喜欢,
propagate,vt.繁殖；传播，普及,
abstract,a.理论上的,n.抽象
stiffness,n.硬度,
initiate,vt.开始，创始；启蒙,
cheat,n.欺诈；骗取,
symptom,n.症状，征候，征兆,
desolate,a.荒芜的；孤独的,
cubic,a.立方体的；立方的,
hinge,n.合页，折叶，铰链,
molecular,a.分子的；克分子的,
patriot,n.爱国者，爱国主义者,
decorative,a.装饰的；可作装饰的,
noted,a.著名的，知名的,
harmonious,a.和谐的，协调的,
pal,n.好朋友；同谋,
tease,vt.逗乐，戏弄；强求,
elemental,a.基本的；自然力的,
rim,n.边；边缘，(眼镜)框,
vocation,n.职业，行业,
Buddhism,n.佛教，释教,
formal,a.形态的；规范的,
adoption,n.收养；采纳，采取,
shorthand,n.速记，速记法,
late,a.去世不久的,
incense,n.香，熏香；香气,
equilibrium,n.平衡，均衡；均衡论,
successor,n.继承人，继任者,
pest,n.害虫；害人虫,
way,n.状态，状况，规模,
advocate,n.辩护者,vt.拥护
antarctic,a.南极的,n.南极区
bugle,n.军号，喇叭,
shutter,n.百叶窗；(相机)快门,
fly,v.飞跑，逃跑，消失,
proficient,a.熟练的，精通的,
controversy,n.争论，辩论，争吵,
flatter,vt.奉承，阿谀，谄媚,
documentary,a.纪录的，文献的,
usage,n.习惯法,
mystery,n.神秘小说，侦探小说,
bureaucracy,n.官僚主义；官僚机构,
formulate,vt.用公式表示,
agreeable,a.惬意的；同意的,
global,a.球面的；全球的,
damn,vt.诅咒,n.诅咒；丝毫
subordinate,a.下级的，辅助的,
heater,n.加热的人，加热器,
magistrate,n.地方行政长官,
headquarters,n.总局，总店,
detach,vt.分开；派遣(军队),
interview,vt.接见，会见，会谈,
shortage,n.短缺，不足额,
undesirable,a.不合需要的；讨厌的,
paragraph,n.小新闻，短评,
baby,n.一家中年龄最小的人,
stalk,n.主茎，叶柄；高烟囱,
Catholic,a.天主教的n.天主教徒,
compulsory,a.强迫的，义务的,
stern,n.艉，船尾；臀部,
diesel,n.柴油发动机，内燃机,
main,n.总管道，干线,
infinitely,ad.无限地，无边地,
constraint,n.强迫，结束；强制力,
ware,n.商品，货物；物品,
significant,a.有效的,
freight,n.运费；货运；负担,
establish,vt.使…被永久地接受,
superficial,a.表面的；肤浅的,
reclaim,vt.开垦，开拓；回收,
productivity,n.生产率；多产,
snack,n.快餐，小吃,
neutron,n.中子,
Mars,n.火星；战争,
beetle,n.甲虫；近视眼的人,
massive,a.粗大的；大而重的,
decline,vt.下倾；偏斜；衰退,
geology,n.地质学；(某地)地质,
radical,a.基本的；激进的,
divert,vt.使转向,vi.转移
insulate,vt.使绝缘，使绝热,
denial,n.否定；拒绝相信,
overlap,vt.与…交搭,vi.重迭
tuberculosis,n.结核病，肺结核,
elevation,n.高度；标高；隆肿,
distort,vt.歪曲，曲解，扭曲,
allied,a.联合的；联姻的,
positive,a.正的；阳性的,
maiden,n.少女，未婚女子,
follower,n.契据的附面；从动件,
advertise,vt.通知,vi.登广告
courtesy,n.礼貌，谦恭，请安,
fireplace,n.壁炉,
fabrication,n.制作，构成；捏造,
tribute,n.贡物；献礼，贡献,
agitation,n.鼓动，煸动；搅动,
tickle,vt.挠，胳肢；逗乐,
offset,n.分支，抵销,vt.抵销
deflection,n.偏斜，歪斜；偏差,
deficient,a.缺乏的；欠缺的,
ought,v.aux,早应该，本应
sting,n.剧痛；刺激,vt.刺
prevalent,a.流行的；盛行的,
spherical,a.球形的，球面的,
concert,n.一齐，一致，协作,
obedience,n.服从，顺从；管辖,
polymer,n.聚合物，多聚物,
arch,n.拱门,vt.用拱连接
bead,n.有孔小珠；露珠,
weaver,n.织布工，编织者,
entry,n.通道；条目,
vaccinate,vt.给…种牛痘,
scheme,vt.计划,vi.搞阴谋
induce,vt.劝诱；引起；感应,
consequence,n.重要(性)，重大意义,
mortgage,n.抵押,vt.抵押
whisker,n.髯，连鬓胡子,
framework,n.机构，组织，体制,
prism,n.棱柱(体)；棱镜,
geometrical,a.几何学的,
romance,n.传奇；浪漫文学,
perplex,vt.迷惑，困惑，难住,
residual,a.剩余的；残数的,
presentation,n.介绍；赠送；呈现,
quantitative,a.量的；定量的,
tragic,a.悲剧性的，悲惨的,
clamp,n.夹子,vt.夹住，夹紧
foresee,vt.预见，预知，看穿,
chip,n.薄片，碎片,
panic,n.恐慌，惊慌,
ashore,ad.在岸上，上岸,
triumphant,a.得胜的；得意洋洋的,
initial,a.词首的,
commission,n.委托，委任；委托状,
villa,n.别墅；城郊小屋,
fret,vt.&vi.(使)烦恼,
personality,n.人格，个性；人物,
bull,n.买空的证券投机商,
mount,v.装配；固定,n.支架
stroll,n.散步，溜达，闲逛,
linger,vi.逗留，徘徊；拖延,
craft,n.技巧,
body,n.物体；(液)体；实质,
receiver,n.接待者；收受者,
chop,n.一块排骨，肉块,
unlimited,a.无限的；不定的,
pace,vi.(马)溜蹄走,
uproar,n.骚动，扰乱；喧嚣,
clown,n.(马戏的)小丑，丑角,
induction,n.就职；归纳推理,
pyjamas,n.(宽大的)睡衣裤,
paper,vt.用纸包装(或覆盖),
monk,n.和尚，僧侣，修道士,
wardrobe,n.衣柜，衣橱，藏衣室,
regularity,n.规则性；整齐,
therein,ad.在那里，在那时,
herb,n.草本植物；香草,
axis,n.轴，轴线；第二颈椎,
hemisphere,n.半球；半球地图,
bankrupt,a.破产的,vt.使破产
report,n.传说，议论,
fake,n.假货，膺品,a.假的
smart,vi.刺疼，扎疼，剧痛,
lace,vi.系带，用带子束紧,
chorus,vt.&vi.合唱,
flee,vi.逃走,vt.逃避
undertaking,n.任务，事业；承担,
positively,ad.确定的，断然,
forsake,vt.遗弃，抛弃，摒绝,
hush,n.沉默,int.嘘！
expedition,n.探险；探险队,
ultraviolet,a.紫外的n.紫外线辐射,
combat,vt.跟…战斗,vi.格斗
predominant,a.占优势的；主要的,
extra,n.附加物；额外的人手,
bearing,n.支承；忍受；方位,
summon,vt.召唤；鼓起(勇气),
unemployment,n.失业；失业人数,
chestnut,n.栗子；栗树；栗色,
historian,n.历史学家；编史家,
personnel,n.人事部门,
confront,vt.使面对；使对证,
safeguard,n.保护措施；护照,
prophecy,n.预言，预言能力,
duke,n.公爵，君主；手,
diagnose,vt.诊断(疾病),
detail,n.琐碎，小事,
slang,n.俚语；行话，黑话,
idleness,n.懒惰；赋闲无事,
lounge,n.(旅馆等的)休息室,
oblige,vt.使感激；施恩惠于,
locust,n.蝗虫；洋槐，刺槐,
sermon,n.布道，讲道，说教,
integrity,n.诚实，正直,
solo,n.独唱，独奏；独唱曲,
board,vt.(收费)供…膳食,
indispensable,a.必不可少的，必需的,
indoor,a.室内的；室内进行的,
longing,n.渴望,a.显示渴望的
cutter,n.用于切割的器械,
transplant,vt.&vi.移植，移种,
crank,n.曲柄,vi.转动曲柄
whale,n.鲸；庞然大物,
parade,vt.夸耀(才能等),
strength,n.兵力；强度,
likelihood,n.可能(性),
drainage,n.排水；下水道,
uniformly,ad.相同地；一贯,
overtake,vt.突然袭击，压倒,
gorgeous,a.绚丽的；极好的,
luncheon,n.午宴，午餐，便宴,
obedient,n.服从的，顺从的,
bait,n.饵；引诱物,
realization,n.(理想等的)实现,
unfit,a.不合适的；无能力的,
antenna,n.触角；天线,
bitterness,n.苦味，辛酸，苦难,
crooked,a.弯的，歪的；畸形的,
furious,a.狂暴的；强烈的,
marsh,n.沼泽地，湿地,
jug,n.带柄水罐，大壶,
decay,vt.使腐朽，使腐烂,
filter,vi.滤过,
unique,a.无可匹敌的；极好的,
participate,vi.参与,vt.分享
speculate,vi.思索，沉思；投机,
incredible,a.难以置信的，惊人的,
scrap,n.碎片；废料,vt.废弃
sorrowful,a.使人伤心的；悲伤的,
carry,vt.刊登,
assessment,n.估定；查定；估计数,
otherwise,ad.另外；在其他方面,
peril,n.危机；危险的事物,
punch,vt.冲压,n.冲压机
severe,a.激烈的；简朴的,
formerly,ad.以前，从前,
gust,n.阵风，一阵狂风,
locality,n.位置，地点，发生地,
administration,n.局(或署、处等),
magnetism,n.磁；魅力；催眠术,
finance,vt.提供资金,
pumpkin,n.南瓜，南瓜藤,
blush,vi.脸红，害臊,n.脸红
lease,n.租约，契约，租契,
pineapple,n.凤梨，波萝,
instability,n.不稳定性；不坚决,
dynamic(al),a.机能上的,
tulip,n.郁金香,
stone,n.果核，(水果的)硬核,
nickname,n.绰号，浑号,
silicon,n.硅(旧名矽),
awake,vi.认识到,
gather,vt.推测，推断,
complement,vt.补充,n.补足(物)
cluster,n.一串,vt.使成群
astonishment,n.惊奇，惊讶,
periodic,n.周期的；一定时期的,
white,a.白种(人)的,
hazard,vt.使遭危险,n.危险
pedlar,n.(挨户兜售的)小贩,
wholesome,a.适合卫生的,
Egyptian,a.埃及的,n.埃及人
overestimate,vt.过高估计,
disgrace,n.失宠，耻辱，丢脸,
blind,n.百叶窗；窗帘；遮帘,
perimeter,n.周(边)，周长,
studio,n.工作室；播音室,
ponder,vt.考虑,vi.沉思
terminal,n.计算机终端；线接头,
reverse,n.背面，反面,
clip,vt.剪；剪辑报刊,
detector,n.发觉者，探测器,
romantic,a.好幻想的,
applaud,vt.喝彩；欢呼vi.欢呼,
unfold,vt.展开,vi.呈现
wedge,n.楔,vt.楔入；挤入
second,vt.支持,
motel,n.汽车游客旅馆,
ripple,n.涟漪，细浪，波纹,
sweeten,vt.使变甜,vi.变甜
penalty,n.处罚，刑罚；罚款,
jam,n.堵塞,vt.使…堵塞
architect,n.建筑师；创造者,
accessory,n.同谋,a.附属的
overflow,vt.从…中溢出,
comparable,a.可比较的；类似的,
deficiency,n.缺乏；不足之数,
merit,vt.值得vi.应受赏(罚),
inversely,ad.相反地,
wind,n.胸口，心窝,
deliberately,ad.审慎地，故意地,
Christ,n.救世主(耶稣基督),
imitation,n.仿制品，伪制物,
mechanism,n.机械装置；机制,
contend,vi.竞争,vt.坚决主张
grateful,a.可喜的，令人愉快的,
snap,vt.猛咬，突然折断,
fixture,n.固定；定期存款,
twist,v.歪曲，曲解,
elapse,vi.(时间)过去，消逝,
quarterly,a.季度的,ad.季度地
obstinate,a.固执的；顽强的,
compact,a.紧密的,vt.使紧凑
indulge,vt.放纵(感情)vi.纵情,
basin,n.内海；盆地，流域,
goddess,n.女神；绝世美女,
likeness,n.同样；类似，相似,
infectious,a.传染的；感染性的,
shady,a.可疑的，靠不住的,
refugee,n.难民，流亡者,
walnut,n.胡桃，核桃树,
complication,n.复杂，混乱；并发症,
banquet,n.宴会，盛会，酒席,
vengeance,n.报复，报仇，复仇,
jog,vt.使(马等)缓步行进,
situation,n.(建筑物等的)位置,
hoe,vt.&vi.锄地,
author,n.创造者，创始人,
ramble,vi.闲逛，漫步；聊天,
steady,a.坚定的，扎实的,
optimism,n.乐观，乐观主义,
equator,n.赤道，天球赤道,
locomotive,a.运动的；机动,
capacitor,n.电容器,
pantry,n.食品柜，餐具室,
elevate,vt.提高(思想)；抬高,
evenly,ad.一致地，平静地,
theme,n.题目；词干；主旋律,
vault,n.拱顶；地下室，地窖,
Venus,n.维纳斯；美人；色情,
mountainous,a.多山的；山一般的,
commonsense,a.有常识的,
thoughtless,a.欠考虑的；自私的,
majesty,n.威严，尊严；陛下,
wrestle,n.摔交；斗争，搏斗,
mixer,n.混合者，搅拌器,
reckon,vi.数，算帐,vt.认为
squat,vi.&vt.(使)蹲下,
satellite,n.附属物,
resultant,a.作为结果而发生的,
outcome,n.后果，成果,
quiver,vi.(轻微地)颤动,
frustrate,vt.挫败；使无效,
patent,a.专利的,n.专利
limestone,n.石灰石,
timely,a.及时的；适时的,
prophet,n.预言家，先知,
ally,n.盟国，同盟者，伙伴,
customary,a.通常的；照惯例的,
bend,vt.使屈从,vi.屈从
fuse,n.保险丝，导火线,
decidedly,ad.明确地，坚决地,
excel,vt.胜过,vi.杰出
appreciation,n.欣赏；鉴别；感激,
millionaire,n.百分富翁，巨富,
salmon,n.鲑，大马哈鱼,
torpedo,n.鱼雷，水雷,
brood,vt.沉思vi.郁闭地沉思,
convention,n.公约，(换俘等)协定,
substance,n.财产；内容，本旨,
towards,prep.为了，有助于,
plead,vt.为…辩护,vi.抗辩
steak,n.大块牛肉；牛排,
gradient,n.斜坡,a.倾斜的
gleam,n.微光,vi.发微光
worship,vt.崇拜,vi.做礼拜
hamper,vt.妨碍，阻碍，牵制,
goodness,n.善良，善行，美德,
net,vt.用网捕；用网覆盖,
sneer,vi.&n.冷笑；嘲笑,
pop,vi.(意外地)出现,
merchandise,n.商品，货物,
hip,n.臀部，髋；屋脊,
narration,n.叙述；故事；叙述法,
finely,ad.精细地，美好地,
cruise,vi.巡航,vt.巡航于…
thigh,n.股，大腿,
integral,a.组成的；整的,
tape,vt.系，捆,
emigrate,vi.永久移居国外,
prudent,a.谨慎的；精明的,
coincide,vi.相符合；相巧合,
gesture,vi.(讲话时等)做手势,
flexible,a.灵活的，可变通的,
curly,a.卷曲的；有卷毛的,
circulation,n.循环；(货币等)流通,
pluck,vt.鼓起(勇气)，振作,
pneumatic,a.空气的；气动的,
disregard,vt.不管，不顾,n.不管
shrug,vt.&vi.耸(肩),n.耸肩
embroidery,n.绣花，刺绣；绣制品,
gangster,n.匪徒，歹徒，暴徒,
metropolitan,a.主要都市的n.大主教,
rinse,vt.涮，嗽；冲洗,
episode,n.一段情节；插曲,
recipe,n.菜谱，烹饪法；处方,
exclamation,n.呼喊，惊叫；感叹,
abbreviation,n.节略，缩写，缩短,
frock,n.(女)上衣，罩衫,
hail,vt.向…欢呼,vi.招呼
responsible,a.重要的；可靠的,
fall,vi.变成，成为；陷于,
deflect,vt.&vi.(使)偏斜,
generosity,n.慷慨，宽宏大量,
nightmare,n.恶梦；经常的恐惧,
abide,vt.遵守,vt.忍受
overlook,vt.眺望；看漏；宽容,
category,n.种类，类目；范畴,
propagation,n.繁殖；传播；蔓延,
explicit,a.明晰的；直率的,
tutor,vt.教，指导,
originate,vi.发源,vt.首创
whereas,conj.而，却，反之,
supplement,n.补角,
entertainment,n.招待，招待会,
kilowatt,n.千瓦(特),
atom,n.微粒；微量,
mansion,n.大厦，大楼；宅第,
flannel,n.法兰绒；法兰绒衣服,
nun,n.修女，尼姑,
Thanksgiving,n.感恩节,
shipwreck,n.船舶失事,
Moslem,n.&a.穆斯林(的),
energize,vt.给与…能量；电压,
appreciable,a.可估价的；可察觉的,
stem,n.词干；(手表的)转柄,
cuckoo,n.杜鹃，布谷鸟,
shame,vt.使羞愧，玷辱,
recreation,n.消遣，娱乐活动,
retail,n.零售,a.零售的
tackle,vt.解决，对付,n.用具
rooster,n.公鸡；狂妄自负的人,
situated,a.位于…的,
sandwich,vt.夹入，挤进,
compensate,vt.&vi.补偿，赔偿,
completion,n.完成，结束，完满,
correlate,n.互相关联的事物,
utensil,n.器皿，用具,
continental,a.大陆的，大陆性的,
doctrine,n.教义，主义；学说,
largely,ad.大规模地,
snail,n.蜗牛；行动缓慢的人,
limp,vi.蹒跚，跛行,n.跛行
analogue,n.类似物；同源语,
fighter,n.斗争者；战斗机,
multiplication,n.增加；繁殖；乘法,
heading,n.标题，题词，题名,
transition,n.转变，变迁；过渡,
propeller,n.螺旋桨，推进器,
shove,vt.推,vi.(使劲)推
scholarship,n.学问，学识；奖学金,
compliment,n.问候,vt.赞美，祝贺
exploration,n.考察；勘探；探查,
souvenir,n.纪念品，黄豆,
rule,n.裁决，裁定,
complaint,n.疾病，病痛；主诉,
discount,n.折扣；打折扣卖,
colonial,a.殖民地的，殖民的,
terminology,n.术语学，术语,
mirror,n.反映，借鉴,
gear,n.齿轮，传动装置,
senator,n.参议员；评议员,
arctic,a.北极的,
dynamo,n.发电机,
trifle,vi.玩忽；闲混；嬉耍,
sentiment,n.感情；情操；情绪,
subject,vt.使隶属,
scripture,n.《圣经》；圣书,
influence,n.势力，权势,
buzz,vi.(蜂等)嗡嗡叫,
bewilder,vt.迷惑，把…弄糊涂,
fill,vt.担任(职务)；填补,
recognition,n.认出，识别；重视,
gorilla,n.大猩猩；暴徒，打手,
resignation,n.听从，屈从，顺从,
chatter,vi.&n.喋喋不休,
flake,n.片，薄片；肌膈,
offspring,n.儿女，子孙，后代,
subsequent,a.尔后的,
implore,vt.乞求，恳求，哀求,
settlement,n.调停；(新)住宅区,
fitness,n.适当，恰当；健康,
gutter,n.沟，边沟；檐槽,
bridle,n.笼子；束缚,vt.抑制
diverge,vi.分岔；分歧,
profitable,a.有利的；有益的,
riot,n.&vi.骚乱，暴乱,
fraction,n.分数；分馏的部分,
sneeze,vi.打喷嚏,
grasshopper,n.蚱蜢，蝗虫，蚂蚱,
instantaneous,a.瞬间的，即刻的,
scout,vt.搜索，侦察，跟踪,
attendant,n.侍者；护理人员,
insert,vi.(肌肉)附着,
bribe,n.贿赂,vt.向…行贿
bridegroom,n.新郎,
broaden,vt.&vi.放宽，变阔,
expect,vt.料想，认为,
violation,n.违犯；侵犯，妨碍,
absorption,n.吸收；专注,
novelty,n.新颖；新奇的事物,
polarity,n.极性；(思想等)归向,
disperse,vt.(使)分散；驱散,
hook,vt.用钩连接，用钩挂,
lighter,n.打火机，引燃器,
correctly,ad.正确地，恰当地,
inadequate,a.不充足的，不适当的,
ruthless,a.无情的，冷酷的,
wrath,n.暴怒，狂怒，愤慨,
interior,n.内部,a.内部的
sophisticated,a.老于世故的；高级的,
subscription,n.预约，用户，订阅费,
haughty,a.傲慢的，轻蔑的,
lily,n.百合，百合花，睡莲,
rascal,n.流氓，恶棍，无赖,
proverb,n.谚语，格言，箴言,
inflation,n.通货膨胀，物价飞涨,
cavity,n.洞，穴，空腔,
endanger,vt.危及，危害,
beforehand,ad.预先；提前地,
skeleton,n.骨骼，骷髅；骨架,
shrill,a.尖声的,vt.尖声地叫
count,n.起拆理由，罪状,
porcelain,n.瓷,a.瓷的，瓷制的
bridge,vt.架桥于，用桥连接,
mess,vt.弄脏，弄乱，搞糟,
drastic,a.激烈的；严厉的,
flush,n.兴奋，脸红；发烧,
observe,vi.说，评述，评论,
warning,n.警告，告诫，鉴诫,
initiative,a.创始的,n.第一步
specification,n.载明，详述；规格,
perch,n.(禽鸟的)栖木,
superb,a.壮丽的；超等的,
restrain,vt.抑制，制止，遏制,
cartoon,n.漫画，动画片,
aerospace,n.航空和宇宙航行空间,
adjacent,a.毗连的；紧接着的,
haunt,vt.常去,vi.经常出没
perfection,n.尽善尽美；无比精确,
dignity,a.尊贵；(举止)庄严,
obligation,n.义务，职责，责任,
grim,a.冷酷无情的，严厉的,
even,a.同一日期的,
patron,n.庇护人；赞助人,
capacitance,n.电容，电容量,
essential,a.特发的；自发的,
deposit,n.押金；寄存物,
bore,n.讨厌的人；麻烦事,
thicken,vt.使变厚(或粗、密),
thresh,vt.打谷，脱粒；推敲,
interconnect,vt.使互相联系,
rectangle,n.矩形，长方形,
client,n.顾客；诉讼委托人,
action,n.作用；情节,
commence,vt.开始,vi.获得学位
wink,vi.眨眼；使眼色,
sofa,n.长沙发，沙发,
stability,n.坚定,
illusion,n.幻想；错觉；假象,
should,v.aux.应该，竟然会,
prevention,n.预防，阻止，妨碍,
nought,n.无，零,
theatre,n.戏剧效果,
peak,n.(物体的)尖端,
pious,a.虔诚的；虔奉宗教的,
conviction,n.确信，信服，深信,
tug,vi.用力拖,n.猛拉，拖
garage,n.汽车修理站；飞机库,
exile,vt.流放,n.被流放者
pant,vi.气喘,
metallic,a.金属的,n.金属粒子
absent,a.不在意的,
butt,n.大酒桶，桶,
ornament,n.装饰物,vt.装修
gamble,n.赌博,vt.冒…的险
define,vt.规定；立(界限),
satisfaction,n.快事，乐事；愉快,
marshal,n.元帅；陆军元帅,
bishop,n.(基督教的)主教,
further,vt.增进,
filament,n.细丝；长丝；灯丝,
classic,n.名著,a.不朽的
improper,a.不适当的；不合理的,
reed,n.芦笛，牧笛,
basement,n.地下室；地窖；底层,
consistent,a.前后一致的，连贯的,
breakfast,vi.吃早餐,
specimen,n.抽样，样品,
lofty,a.高耸的；高尚的,
granite,a.花岗岩，花岗石,
spacious,a.广阔的，广大的,
cooperative,a.合作的,n.合作社
displace,vt.移置；取代；置换,
literally,ad.照字义，逐字地,
generalization,n.一般化；概括，综合,
tropical,a.热带的；炎热的,
erosion,n.腐蚀，侵蚀；糜烂,
scar,n.瘢痕,
slaughter,vt.&n.屠杀，屠宰,
preservation,n.保存，储藏；保持,
impulse,n.推动，冲力；冲动,
innumerable,a.无数的，数不清的,
ornamental,a.装饰的,n.装饰品
disturbance,n.动乱；干扰；侵犯,
refinery,n.精炼厂，提炼厂,
deformation,n.损坏；变形；畸形,
eject,vt.逐出，排斥；喷射,
herd,vt.放牧,vi.成群
nickel,n.镍；镍币,
hop,vi.跳舞；(人)单足跳,
inland,a.国内的；内地的,
inspector,n.检查员；巡官,
pants,n.裤子；男用短衬裤,
harp,n.竖琴；天琴座,
peripheral,a.周界的；末梢的,
infinity,n.大量，大宗；无穷大,
dissolve,vt.解除(婚约等),
shower,vi.下阵雨,vt.使湿透
tilt,vt.&vi.(使)倾斜,
glue,vt.粘牢,
evolution,n.开方；(天体的)形成,
simple,a.单纯的；迟钝的,
declaration,n.宣布，宣言；申诉,
henceforth,ad.今后，从今以后,
headlong,a.&ad.头向前的(地),
morality,n.道德，美德，品行,
terrorist,n.恐怖分子,
foster,vt.养育，抚养；培养,
tow,vt.&n.拖引，牵引,
humanity,n.人类；人性，人情,
insistent,a.坚持的；逼人注意的,
propel,vt.推进，推动,
hatch,vt.舱盖，舱口；短门,
astronomy,n.天文学,
excursion,n.离题,
audience,n.正式会见；拜会,
ham,n.火腿；(兽类的)后踝,
hospitality,n.好客，殷勤；宜人,
forward,ad.向前，将来vt.转递,
grease,n.动物脂，脂肪,
charcoal,n.炭，木炭；生物炭,
mint,n.薄荷；薄荷糖,
underline,vt.着重；预告,
reproduce,vt.仿造,
badge,n.徽章，像章；标志,
courteous,a.有礼貌的，谦恭的,
misery,n.痛苦，悲惨，不幸,
miniature,n.缩影,a.缩小的
threshold,n.门槛；入门，开端,
nest,vi.筑巢,vt.为…筑巢
log,n.航海日志；飞行日志,
proficiency,n.熟练，精通,
mature,vt.使成熟,vi.成熟
solidify,vt.&vi.团结；凝固,
span,n.(桥墩间的)墩距,
equation,n.平衡；平均；反应式,
insulator,n.隔离者；绝缘体,
fission,n.裂开；分裂生殖,
theory,n.见解，看法，推测,
periodical,n.期刊，杂志,
pendulum,n.(钟等的)摆,
alert,a.警惕的；活跃的,
network,n.网络；广播网,
purify,vt.提纯，精炼(金属),
graphite,n.石墨，石墨电极,
heighten,vt.加高，提高；增加,
dwell,n.居住,vi.凝思，细想
orchard,n.果园,
distinct,a.独特的,
nut,n.螺帽，螺母,
flap,vt.&n.拍打,vi.拍动
exposition,n.说明，解释；陈列,
unreasonable,a.不讲道理的；过度的,
vision,n.视力；眼光，想象力,
peculiarity,n.特性，独特性；怪癖,
yacht,n.游艇，快艇,
shoulder,vt.承担，挑起，肩负,
winding,n.卷绕着的线a.卷曲的,
tighten,vt.&vi.(使)变紧,
diet,n.饮食，食物,
violate,vt.违犯，违背；侵犯,
ventilate,vt.使通风，使换气,
scarcity,n.缺乏，不足，萧条,
willow,n.柳树，柳木,
liner,n.班船，定期班机,
album,n.粘贴簿；相册；文选,
abundance,n.丰富，充裕,
nourishment,n.食物；营养(情况),
consequent,a.作为结果的；必然的,
custom,n.海关，关税,
cloak,vt.掩盖，覆盖，掩饰,
whoever,pron.究竟是谁,
slit,vt.切开,n.狭长的切口
manipulate,vt.操作；控制，手持,
printer,n.印刷工；印花工,
conceive,vt.设想，以为；怀孕,
trader,n.商人；商船,
qualitative,a.质的；定性的,
snob,n.势利小人,
violent,a.狂暴的；歪曲的,
unanimous,a.(全体)一致的,
oxide,n.氧化物,
summit,n.顶点，最高点；极度,
pertinent,a.恰当的；有关的,
electronics,n.电子学,
captive,a.被俘虏的；被迷住的,
misfortune,n.不幸，灾祸，灾难,
prose,n.散文,
slap,vt.掴，拍,n.巴掌，拍
hindrance,n.障碍，妨碍,
scrub,n.&vt.擦洗，擦净,
stubborn,a.顽固的；顽强的,
harsh,a.粗糙的；严厉的,
suffice,vi.足够；有能力,
affirm,vt.断言，批准；证实,
ferrous,a.铁的；亚铁的,
traverse,vt.横越，横切，横断,
missionary,n.传教士,
pier,n.(桥)墩；码头,
manifest,vt.表明,a.明白的
dispatch,vt.派遣；调度,n.急件
collide,vi.碰撞；冲突，抵触,
leaflet,n.传单，活页；广告,
acknowledge,vt.承认；告知收到,
ginger,n.姜，生姜,
champion,n.斗士；提倡者,
veil,vt.以面纱遮掩vi.遮盖,
multitude,n.大批，大群；大量,
smuggle,vt.私运,vi.走私
dreadful,a.可怕的；令人敬畏的,
symposium,n.酒会；座谈会,
tone,n.色调，光度；风气,
software,n.(计算机的)软件,
identical,a.同一的；恒等的,
dome,n.圆屋顶，拱顶,
dean,n.(大学)院长，系主任,
applause,n.喝彩；夸奖，称赞,
inclination,n.倾斜，点头；斜坡,
dissatisfaction,n.不满，不平,
decimal,a.小数的，十进制的,
survival,n.幸存，残存；幸存者,
routine,a.日常的,n.常规
tolerant,a.容忍的；有耐力的,
ascertain,vt.查明，确定，弄清,
alien,a.外国的,n.外国人
pore,n.毛孔，气孔，细孔,
eternal,n.永久的；不朽的,
competitor,n.竞争者，敌手,
essence,n.本质，本体；精华,
pathetic,a.哀婉动人的；可怜的,
splash,vt.溅泼,vi.泼水
microprocessor,n.微信息处理机,
shadowy,a.有影的；幽暗的,
enroll,vt.登记，招收vi.参军,
tightly,ad.紧地，牢固地,
criterion,n.标准，准则，尺度,
epoch,n.(新)时代；历元,
propaganda,n.宣传；宣传机构,
lobby,n.前厅，(剧院的)门廊,
detain,vt.耽搁；扣押，拘留,
theft,n.盗窃，偷窃(行为),
groove,n.槽,vt.开槽于
litter,n.废物，杂乱,vi.乱扔
telex,n.电传，用户电报,
municipal,a.市的，市立的,
soy,n.酱油；大豆，黄豆,
sensor,n.传感器，灵敏元件,
wretched,a.不幸的；卑鄙的,
elbow,vt.用肘挤，挤进,
inlet,n.进口，水湾,vt.引进
pipe,n.管乐器,
singular,a.异常的，奇异的,
consumer,n.消费者，用户,
unpaid,a.未付的；不支薪水的,
algebra,n.代数学,
greed,n.贪心，贪婪,
mammal,n.哺乳动物,
move,n.行动，步骤,
compensation,n.补偿，赔偿，赔偿费,
jelly,n.冻，果子冻；胶状物,
clockwise,a.&ad.顺时针方向转的,
inaugurate,vt.开始；使就职,
plunder,v.&n.掠夺，劫掠,
endow,vt.资助；赋予，授予,
bacterium,复数：bacteria,n.细菌；拳击迷
initially,ad.最初，开始,
offensive,a.冒犯的；进攻的,
fortress,n.堡垒，要塞,
generate,vt.发生，产生；生成,
flock,vi.群集，聚集,
counsel,n.商议；忠告；律师,
fascinate,vt.迷住,vi.迷人
discourse,n.讲话，演说，讲道,
oval,a.卵形的,n.卵形
flank,n.肋，肋腹；侧面,
enlighten,vt.启发，开导；启蒙,
synthesis,n.合成；综合，综合物,
negative,a.负的，阴性的,
grunt,vi.作呼噜声；咕哝,
box,n.专席,
menace,vt.&vi.&n.(进行)威胁,
makeup,n.组织；性格；化装品,
retort,vt.&vi.反击；反驳,
peacock,n.孔雀,
circus,n.马戏；马戏团,
momentary,a.瞬息间的，片刻的,
mustard,n.芥子，芥末,
float,n.漂浮物；浮标，木筏,
Jupiter,n.丘庇特；木星,
extreme,n.极端不同的性质,
brightness,n.明亮，辉煌，聪明,
clutch,vt.抓住,vi.掌握，攫
yeast,n.酵母,
colonist,n.移民；殖民地居民,
pose,vt.(使)摆好姿势,
piston,n.活塞,
wither,vi.枯萎,vt.使衰弱
particular,a.苛求的；特称的,
projector,n.投影仪；探照灯,
ticket,n.(交通违章)罚款传票,
crisp,a.脆的；卷曲的,
peer,vi.凝视；隐约出现,
steal,vt.偷偷地做，巧取,
postal,a.邮政的，邮局的,
warehouse,n.仓库，货栈,
seam,n.缝口；接缝；骨缝,
energetic,a.积极的；精力旺盛的,
growl,vi.(狗等)嗥叫；咆哮,
decree,n.法令，政令；教令,
ass,n.驴；傻瓜，蠢笨的人,
finite,a.有限的；有尽的,
trench,n.深沟；壕沟，战壕,
random,n.随机,a.随机的
sensation,n.感觉，知觉；轰动,
idealism,n.唯心主义；理想主义,
handout,n.施舍物，救济品,
toss,vi.翻来复去,
lengthen,vt.使延长,vi.变长
follow,vt.从事(职业)，经营,
censor,vt.审查，检查,
bypass,n.旁通管,vt.绕过
subsidiary,a.辅助的，补充的,
contrary,n.反对命题,
siren,n.汽笛，警报器,
wrinkle,n.皱纹,vt.使起皱纹
bed,n.河床，(湖)底，矿床,
waver,vi.摇摆；犹豫不决,
inertia,n.惯性，惯量；无力,
prairie,n.大草原，牧场,
foul,a.肮脏的；丑恶的,
optimum,n.最适条件，最适度,
ascend,vi.攀登，登高；追溯,
woodpecker,n.啄木鸟,
religion,n.信念，信条,
barometer,n.气压计，睛雨表,
environmental,a.环境的，环境产生的,
alongside,prep.在…旁边,
thermal,a.热的；温泉的,
enterprise,n.艰巨的事业；事业心,
scan,n.扫描，扫掠,
strive,vi.努力，奋斗，力求,
glider,n.滑翔机；滑翔导弹,
underestimate,vt.低估，看轻,
specialize,vt.使专门化，专业化,
delegate,n.代表，委员，特派员,
domestic,a.养在家里的,
ear,n.(稻麦等的)穗,
default,n.&vi.不履行；缺席,
slumber,n.睡眠；沉睡状态,
adjustable,a.可调整的，可校准的,
ambient,a.周围的，包围着的,
dizzy,a.头晕眼花的，眩晕的,
remainder,n.剩余(物)；余数,
tradesman,n.商人；手艺人,
notify,vt.通知，告知；报告,
fitting,a.适当的,n.配合
certainty,n.确实性，确信，确实,
aerial,a.空气的；航空的,
latent,a.存在但看不见的,
fort,n.要塞，堡垒,
veto,n.否决，否决权，禁止,
tangle,vt.使缠结，使纠缠,
mishief,n.调皮，捣蛋，胡闹,
bald,a.秃头的；无毛的,
suicide,n.&vi.&vt.自杀,
ignite,vt.引燃,vi.着火
hydraulic,a.水力的；水力学的,
perish,vi.死亡，夭折；枯萎,
stiff,a.生硬的,
presumably,ad.推测起来，大概,
reservation,n.保留；预定，预订,
counter,a.&ad.相反的(地),
filth,n.污秽，污物；淫猥,
footpath,n.小路，人行道,
hardy,a.强壮的，耐劳的,
illiterate,a.文盲的,n.文盲
ambitious,a.有雄心的；热望的,
sequence,n.序列,
cock,n.旋塞，开关，龙头,
kernel,n.(果实的)核；谷粒,
jewellery,n.珠宝，珠宝饰物,
eclipse,n.(日，月)食,
respectable,a.可敬的；人格高尚的,
rapidity,n.快，迅速；陡，险峻,
operation,n.运算,
notable,n.值得注意的；著名的,
destructive,a.破坏(性)的，危害的,
dominate,vt.统治，支配，控制,
dust,n.垃圾，废品，灰烬,
humanitarian,a.博爱的,n.慈善家
ordinarily,ad.通常，大概,
evaporate,vt.使脱水vi.发散蒸气,
retirement,n.退休，引退；退隐,
lunar,a.月亮的,
foam,n.泡沫；泡沫塑料,
reckless,a.粗心大意的；鲁莽的,
wrench,vt.拧，扭伤,n.拧
frail,a.脆弱的；意志薄弱的,
denote,vt.指示，意味着,
destiny,n.命运，天数,
partition,n.分开，分割；融墙,
flame,vi.发火焰,vt.点燃
toad,n.蟾蜍，癞蛤蟆,
earnings,n.工资，收入；收益,
persuasion,n.劝说，说服；主张,
mistress,n.情妇，情人,
sign,n.征兆，迹象，病症,
monstrous,a.可怕的；极大的,
cling,vi.粘住；依附；坚持,
stillness,n.寂静，无声,
generalize,vt.概括出vi.形成概念,
deprive,vt.夺去；使(人)失去,
incomplete,a.不完全的，未完成的,
onward(s),a.向前(的)，在前面,
catalogue,vt.为…编目录,
summary,a.概括的；速决的,
subsequently,ad.其后，其次，接着,
jerk,vt.猛地一拉,vi.急拉
slander,n.&vt.诽谤，诋毁,
answer,vi.符合，适合,
dismay,n.惊慌，沮丧，灰心,
pamphlet,n.小册子,
terminate,vt.&vi.停止，终止,
transmission,n.遗传，传染,
velvet,a.丝绒制的；柔软的,
sensible,a.明显的，感觉得到的,
incidentally,ad.附带地；顺便提及,
vital,a.生命的，生机的,
collaborate,vi.协作，合作；协调,
nursery,n.苗圃，养鱼池,
buffalo,n.水牛；水陆坦克,
fringe,n.穗，毛边；边缘,
facilitate,vt.使容易；助长,
leopard,n.豹,
clearing,n.(森林中的)空旷地,
infer,vt.&vi.猜想，臆测,
sardine,n.沙丁鱼,
ideally,ad.理想地；理论上,
graze,vi.喂草；放牧(牲畜),
reference,n.参考文献；参照系,
obscure,a.阴暗的；蒙昧的,
budget,n.预算，预算案,
corrupt,vt.贿赂,a.腐败的
strange,a.外地的，异乡的,
workshop,n.专题讨论会,
cloudy,a.混浊的；模糊不清的,
quantify,vt.确定…的数量,
tower,vi.高耸，屹立；翱翔,
slack,a.萧条的；懈怠的,
dove,n.鸽子，斑鸠,
capability,n.能力，才能；性能,
orientation,n.向东；定位；方向,
enrich,vt.使富裕；使丰富,
insight,n.洞察力，洞悉，见识,
seaside,n.海滨(胜地)；海边,
spatial,a.空间的，占据空间的,
forthcoming,a.即将到来的；现有的,
thorough,a.精心的；详尽的,
howl,n.嚎叫；哀号,vi.吠
qualification,n.资格；限制条件,
eastward,a.&ad.向东的，向东,
marginal,a.记在页边的；边缘的,
value,vt.尊重，重视，评价,
correlation,n.相互关系；对射,
plump,vt.丰满的；鼓起的,
decompose,vt.&vi.腐败；分解,
fling,vi.&vt.(用力)扔，抛,
drain,vi.(水等)流掉,
yearn,vi.想念，怀念，向往,
muse,vi.沉思，默想，冥想,
balcony,n.阳台；楼厅，楼座,
royalty,n.皇家，王族，皇族,
plastic,a.塑料的；塑性的,
assurance,n.保证；财产转让书,
hound,n.狗；角鲨；卑鄙的人,
embody,vt.体现；包含，收录,
milky,a.牛奶的；乳白色的,
wasteful,a.浪费的；破坏性的,
diminish,vt.减少，减小，递减,
occurrence,n.事故,
invariably,ad.不变地，永恒地,
portable,a.可移动的,
challenge,n.艰巨任务；要求回避,
tyranny,n.暴政，专制；残暴,
rash,a.轻率的；鲁莽的,
fell,vt.砍倒(树等)；砍伐,
persecute,vt.迫害，残害,
fair,a.美丽的,
spectacle,n.场面；景象，奇观,
degradation,n.降级；退化；衰变,
profound,a.深刻的；渊博的,
sniff,vi.用鼻子吸,vt.嗅
untie,vt.解开，松开；解放,
paralyse,vt.使麻痹，使瘫痪,
deposition,n.免职，罢免；口供,
inasmuch,ad.因为，由于,
yolk,n.蛋黄，卵黄,
suspicious,a.可疑的；猜疑的,
membership,n.成员资格；会员人数,
nominate,vt.提名，推荐；任命,
bronze,n.青铜色,
number,vt.共计，达…之数,
symphony,n.交响乐；交响乐团,
species,n.种，物种；种类,
elegant,a.(举止、服饰)雅致的,
conceit,n.自负，自高自大,
distract,vt.分散(心思)；打扰,
bamboo,n.竹；竹杆，竹棍,
trot,vi.&n.(马)小跑，慢跑,
migrate,vi.迁移，移居,
fence,n.击剑(术),vi.击剑
opium,n.鸦片；麻醉剂,
bandit,n.土匪，盗匪，歹徒,
inaccessible,a.达不到的，难接近的,
ambassador,n.大使，使节,
Jesus,n.耶稣,
windy,a.多风的，刮风的,
question,vt.问，询问，讯问,
awful,a.威严的；令人崇敬的,
inclusive,a.包围住的；包括的,
competitive,a.竞争的，比赛的,
alignment,n.队列；结盟，联合,
minimize,vt.使减到最小,
emission,n.散发；传播；发出物,
hollow,vt.凿空,vi.变空
suit,vt.使配合vi.彼此协调,
echo,vt.反射(声音等),
decisive,a.决定性的；果断的,
hydrocarbon,n.烃，碳氢化合物,
preside,vi.主持；主奏,
by-product,n.副产品,
stereo,n.立体声,a.立体声的
troublesome,a.累赘的，困难的,
overhang,vt.悬于…之上vi.悬垂,
hide,n.生皮，兽皮，皮革,
province,n.领域，范围，职权,
mob,vi.聚众闹事,
pedal,n.踏脚，踏板，脚蹬,
banker,n.银行家,
grope,vi.(暗中)摸索，探索,
handy,a.方便的；便于使用的,
immerse,vt.沉浸；给…施洗礼,
inaccurate,a.不精密的，不准确的,
psychology,n.心理学；心理,
dismiss,vt.忘掉,
hostess,n.女主人；旅馆女老板,
interface,n.分界面,
couch,n.睡椅，长沙发椅,
empirical,a.经验主义的,
alas,int.唉，哎呀,
illuminate,vt.照明，照亮；阐明,
excuse,vt.与…辩解；使免除,
shark,n.鲨鱼；贪婪狡猾的人,
vitamin,n.维生素，维他命,
dry,a.干巴巴的，枯燥的,
witty,a.机智的；风趣的,
jealousy,n.妒忌，嫉妒，猜忌,
brand,vt.在…上打烙印,
tuna,n.金枪鱼,
dictator,n.独裁者，专政者,
blouse,n.女衬衫；童衫；罩衫,
popularity,n.通俗性；普及，流行,
storage,n.贮藏，保管；仓库,
cite,vt.引用，引证；举例,
amusement,n.娱乐，消遣，乐趣,
transform,vt.变压；变换,
vector,n.矢量；飞机航线,
mighty,a.强大的；巨大的,
split,n.分裂，分化；派系,
selection,n.精选的东西；选择,
implement,n.工具，服装,vt.贯彻
roam,vt.在…漫步，漫游,
realistic,a.现实的；现实主义的,
pregnant,a.怀孕的；意义深长的,
legislation,n.立法；法规,
massacre,n.大屠杀，残杀,
moss,n.苔藓，地衣,
universally,ad.普遍地，一般地,
pirate,n.海盗；每盗船,
inject,vt.注射；注满；喷射,
kidney,n.肾，腰子；性格,
convey,vt.传达；传播；转让,
cable,n.海底电报,
zinc,n.锌,vt.在…上镀锌
derivation,n.引出；起源；衍生,
normalization,n.正常化，标准化,
barren,a.贫瘠的；不妊的,
trolley,n.手推车；无轨电车,
halve,vt.对分；平摊,
head,vt.用头顶(球)vi.出发,
plain,a.坦白的；普通的,
skip,vi.跳；跳绳；略过,
check,n.支票，帐单,
siege,n.包围，围攻，围困,
theorem,n.定理；原理，原则,
anybody,n.重要人物,
lattice,n.格子；点阵，网络,
boiler,n.锅炉；热水贮槽,
constitute,vt.构成，组成,
flux,n.流；涨潮；流量,
monopoly,n.垄断，独占，专利,
resemblance,n.相似，相似性,
shrub,n.灌木，灌木丛,
watt,n.瓦(特),
ballet,n.芭蕾舞；舞剧,
gnaw,vt.啃，咬断,vi.啮
radial,a.光线的；放射的,
stall,n.货摊，书摊；厩,
hypothesis,n.假设；前提,
confidential,a.秘密的；亲信的,
reason,vt.辩论，讨论,
conception,n.概念，观念，想法,
row,n.吵嚷，吵架，口角,
napkin,n.餐巾(纸),
block,n.阻塞；障碍物；炮闩,
tactics,n.策略；战术，兵法,
radiant,a.绚丽的；容光焕发的,
outlaw,n.逃犯，歹徒,
validity,n.有效，效力；正确,
battle,vi.战斗,vt.与…作战
through,prep.因为，由于,
shade,n.(色彩的)浓淡，深浅,
jean,n.斜纹布，牛仔裤,
roundabout,a.迂回的；转弯抹角的,
end,n.目标，目的,
composition,n.组成，构成，结构,
magnitude,n.大小；重大；星等,
uncertain,a.不定的；无常的,
apparent,a.显然的,
claim,n.权利，所有权,
option,n.选择，取舍,
immigrate,vt.(使)移居入境,
promotion,n.促进；提升；创立,
lubricate,vt.使润滑vi.加润滑油,
destine,vt.命定，注定；预定,
oxidize,vt.氧化，使生锈,
patrol,n.巡逻,n.巡逻，巡查
blue,a.伤心的；下流的,
valuable,n.贵重物品，财宝,
ascribe,vt.把…归于,
provoke,vt.对…挑衅；激发,
inorganic,a.无生物的；无机的,
charter,vt.租,n.宪章；契据
stitch,n.一针，缝线,vt.缝
concern,n.所关切的事；商行,
develop,vt.使(颜色等)显现,
volunteer,n.志愿者,vt.志愿
nose,n.突出部分(如船头等),
fluctuation,n.波动；脉动；踌躇,
tropic,n.热带地区；回归线,
hurl,vt.猛投,vi.猛冲
plague,n.瘟疫，鼠疫；天灾,
panther,n.豹，黑豹；美洲狮,
proton,n.质子，氕核,
arc,n.弧，弓形物；弧光,
indefinite,a.无限期的,
dwarf,n.矮子，侏儒,
glossary,n.词汇表；术语汇编,
inevitably,ad.不可避免地,
monarch,n.君主，最高统治者,
junction,n.连接；接头；中继线,
consul,n.领事,
deafen,vt.使聋；使隔音,
rap,n.轻敲击声,vt.敲击
wag,vt.摇，摇摆，摆动,
line,vt.加衬里于,
troop,n.一群，一队，大量,
clap,n.拍手喝采声；霹雳声,
scarlet,n.猩红色,a.猩红的
pattern,vt.仿制，仿造，模仿,
interpret,vt.解释,vi.口译
propulsion,n.推进，推进力,
disorder,n.疾病，小病,
treasurer,n.司库，财务主管,
pedestrian,n.行人，步行者,
impart,vt.给予，传递；告诉,
support,vt.经受，承受，忍受,
deepen,vt.加浓,
mechanics,n.力学，机械学；结构,
notwithstanding,prep.尽管，虽然,
market,vt.(在市场上)销售,
parachute,n.降落伞；风散种子,
ultimate,a.基本的，首要的,
adhere,vi.粘附；追随；坚持,
mingle,vt.使混合vi.混合起来,
nice,a.细微的，微妙的,
firework,n.爆竹，花炮，烟火,
edit,vt.编辑，编纂；校订,
shortcut,n.近路，捷径,
liable,a.有(法律)责任的,
deal,vi.做买卖；对付,
bazaar,n.集市，廉价商店,
bestow,vt.把…赠与,
consciousness,n.意识，知觉，觉悟,
regiment,n.团，军团；一大群,
calculus,n.微积分；结石,
insignificant,a.无意义的；低微的,
shrine,n.神殿，神龛，圣祠,
analogy,n.相似，类似；比拟,
unlock,vt.开…的锁；开启,
longitude,n.经线，经度,
difficult,a.难以满足的,
currently,ad.普遍地；当前,
revive,vt.&vi.苏醒；复兴,
crack,vi.&vt.发出爆裂声,
knight,n.骑士，武士；爵士,
revenue,n.收入；收入数目,
cleanliness,n.清洁,
simplicity,n.单纯，质朴,
response,n.回音，回签；灵敏度,
trigger,n.扳机,vt.触发，引起
Roman,n.罗马人，古罗马人,
hum,n.嗡嗡声,vt.哼曲子
ranch,n.(北美洲的)大牧场,
outbreak,n.(战争、愤怒等)爆发,
tread,vi.&vt.踩，踏，践踏,
crash,vi.撞坏，摔坏，砸碎,
firmness,n.坚固，坚定，稳固,
escort,n.&vt.护卫，护送,
segment,n.切片，部分；段，节,
cosmic,a.宇宙的；广大无边的,
enhance,vt.提高，增加；夸张,
coward,a.懦怯的，胆小的,
kit,n.成套工具；用具包,
distortion,n.弄歪，歪曲；畸变,
tabulate,vt.把…制成表,
flight,n.溃退，逃跑；外流,
diversion,n.转移；改道；娱乐,
program,vi.编制程序,
intent,a.目不转睛的，热切的,
breed,n.(动物)品种,
tack,n.平头打,vt.钉住
petty,a.细小的；器量小的,
attorney,n.代理人；辩护律师,
baseball,n.棒球；棒球运动,
versus,prep.(比赛等中)对,
announce,vt.报告…的来到,
bleach,vt.漂白,vi.变白
friction,n.擦热皮肤,
miser,n.守财奴，吝啬鬼,
transverse,a.横切的,n.横轴
range,vt.排列；把…分类,
dedicate,vt.奉献；献身,
spokesman,n.发言人，代言人,
array,vt.装扮,n.队列；排列
frequent,a.常见的；频繁的,
formidable,a.可怕的；难对付的,
homogeneous,a.同类的；均匀的,
underwear,n.衫衣，内衣，贴身衣,
attendance,n.到场；出席人数,
sodium,n.钠,
invoice,n.发票，发货清单,
hoarse,a.(声音)嘶哑的,
beam,vi.发光，发热；微笑,
shipment,n.装货；装载的货物,
handbook,n.手册，便览，指南,
torment,n.痛苦,vt.折磨
liability,n.责任；倾向；债务,
bachelor,n.未婚男子；学士,
vulgar,a.粗俗的，庸俗的,
negotiate,vi.谈判，交涉，议定,
chill,vi.感到寒冷；冷淬,
doom,n.命运，毁灭,vt.注定
spill,n.(人)摔下，跌下,
waggon,n.敞蓬车厢,
squeeze,n.压榨；榨取，佣金,
terrace,n.平台，阳台，露台,
precede,vt.先于…,vi.领先
stray,vi.迷路,a.迷路的
practicable,a.能实行的；适用的,
proposition,n.命题，主题；提议,
formulation,n.明确的表达,
loosely,ad.松松地，松散地,
hiss,n.嘶嘶声,vi.嘶嘶作声
terrify,vt.使恐怖，使惊吓,
battery,n.炮兵连；兵器群,
kindle,vt.点燃,vi.着火
smash,vt.打碎，打破，粉碎,
track,vi.留下足迹,
deviate,vt.(使)背离，偏离,
expenditure,n.(时间等)支出，消费,
contradict,vt.反驳，否认,
coin,vt.铸造(硬币),
contrast,vt.使对比vi.形成对比,
overhear,vt.偶然听到；偷听,
virtual,a.实际上的，实质上的,
devotion,n.献身，热诚，专心,
tile,n.瓦片，瓷砖；贴砖,
grove,n.林子，小树林，园林,
shell,n.炮弹，猎枪子弹,
bandage,n.绷带，包带,
resident,n.常住者,
estate,n.房地产；财产，产业,
constituent,a.形成的,n.选民
inference,n.推论；推断的结果,
fracture,n.破裂；裂痕,vi.破裂
softness,n.温和，柔和；软弱,
melancholy,n.&a.忧郁(的)，悲伤,
prey,vi.猎物,vi.捕获
overload,vt.使超载,
intonation,n.语调，声调；发声,
saturation,n.饱和(状态)；浸透,
fabricate,vt.制作，组合；捏造,
straightforward,a.老实的,ad.坦率地
hoist,vt.升起,vi.扯起来
mock,n.嘲弄,vt.嘲弄，挖苦
landscape,n.风景，景色，景致,
infect,vt.使受影响,
reserve,n.缄默，自我克制,
trample,vt.&vi.&n.践踏，蹂躏,
hike,vi.作长途徒步旅行,
invalid,n.病人,a.有病的
appendix,n.附录，附属物；阑尾,
prestige,n.威望，威信，声望,
alternate,vt.使交替,a.交替的
execution,n.实行，执行；处死刑,
Heaven,n.上帝，神,
scandal,n.丑事，丑闻；耻辱,
extraordinarily,ad.非常地，特别地,
uphold,vt.举起；支撑；赞成,
solidarity,n.团结；休戚相关,
irregularity,n.不规则；不整齐,
suppress,vt.镇压；抑制；隐瞒,
hit,n.轰动一时的人(或事),
emerge,vi.浮现，出现；显露,
nucleus,n.原子核；细胞核,
clasp,vt.扣住，扣紧，钩住,
version,n.解释,
catalyst,n.催化剂；刺激因素,
orient,n.东方；亚洲，远东,
sharply,ad.严厉地，苛刻地,
drawback,n.退款；妨碍；弊端,
rate,n.价格,vt.对…评定
closet,n.小房间；壁碗橱,
motorway,n.汽车道，快车路,
flavour,vt.给…调味,
northward(s),ad.向北方,a.向北的
succession,n.继承(权)，后裔,
Christian,a.基督教的,
crab,n.蟹，蟹肉,vi.捕蟹
switch,n.(树木的)软枝条,
subscribe,vi.订购，认购；预订,
reject,vt.舍弃，抛弃；排斥,
lipstick,n.唇膏，口红,
ample,a.足够的；宽敞的,
anniversary,n.周年纪念日,
poll,n.投票,vi.投票
icy,a.冰冷的；冷冰冰的,
confidence,n.私房话，秘密，机密,
conform,vt.使遵守,vi.一致
fro,ad.往，去，回，向后,
literal,a.文字(上)的；字面的,
cross,a.易怒的；杂交的,
standardize,vt.使与标准比较,
whereby,ad.靠什么；靠那个,
resolute,a.坚决的，果敢的,
hurt,n.损伤，伤害，创伤,
degrade,vt.使降给；使堕落,
charge,n.负荷；充电,vt.装满
mop,n.墩布，洗碗刷,
ion,n.离子,
allowance,n津贴，补助费,
evil,n.邪恶，罪恶；祸害,
token,n.象征；辅币；纪念品,
sullen,a.绷着脸不高兴的,
grab,vt.&vi.攫取，抓取,
windmill,n.风车,
regulate,vt.调整，调节，对准,
systematic,a.成体系的；分类的,
antique,a.古代的,n.古物
editorial,n.社论，期刊的社论,
press,n.印刷机，印刷所,
moor,vt.使停泊；使固定,
principally,ad.主要，大抵,
grief,n.悲哀，悲痛，悲伤,
pledge,n.誓言,vt.使发誓
dock,vt.把…引入船坞,
indicative,a.指示的；陈述的,
repay,vt.&vi.偿还，报答,
tensile,a.张力的；能伸长的,
snobbish,a.势利的，谄上欺下的,
identification,n.认出，鉴定；身份证,
duplicate,n.复制品,vt.复制
fastener,n.扣件，钮扣，揿钮,
ingredient,n.配料，成分,
regime,n.政体，政权；制度,
rectify,vt.纠正；调整；精馏,
tar,n.柏油，焦油,
team,vi.协作，合作,
sideways,ad.斜向一边地,
producer,n.生产者；舞台监督,
commonwealth,n.共和国；联邦,
lever,n.途径，工具，手段,
embarrass,vt.使负债；使复杂化,
whisper,vt.低声地讲，私下说,
beware,vt.&vi.谨防，当心,
proper,a.合乎体统的，正派的,
detective,n.侦探，密探,
barge,n.驳船；大型游船,
axial,a.轴的；轴向的,
nourish,vt.提供养分，养育,
shameful,a.可耻的；不道德的,
hurrah,int.好哇，万岁，乌拉,
quartz,n.石英,
streamline,n.流线；流线型,
muscular,a.肌肉发达的，强健的,
wield,vt.挥(剑)；行使,
jack,n.起重器；传动装置,
blaze,vt.使燃烧,vi.燃烧
intermediate,n.中间体；调解人,
masculine,a.男性的；强壮的,
questionable,a.可疑的，不可靠的,
soften,vt.使软化,vi.变软弱
monster,n.怪物；畸形的动植物,
gravel,n.砂跞；砂砾层；结石,
exclusive,a.除外的；孤傲的,
bushel,n.蒲式耳(容量单位),
cherish,vt.珍爱；怀有(感情),
except,vt.把…除外，除去,
opaque,a.不透明的；不传导的,
accord,n.调和，符合；协议,
mast,n.桅杆；杆,vt.扯帆
plea,n.请愿，请求，恳求,
rotate,vt.&vi.(使)旋转,
persist,vi.持续，存留,
optical,a.光的；光学的,
preach,vt.说教，布道；鼓吹,
impartial,a.公正的，无偏见的,
dine,vi.吃饭,vt.宴请
jingle,vt.&vi.(使)丁当响,
civilian,n.平民,a.平民的
yoke,n.轭，牛轭；枷锁,
chord,n.(乐器的)弦,vi.协调
deem,vt.认为，相信,vi.想
retard,vt.延迟，放慢,
constitution,n.(人的)体格，素质,
tact,n.机敏，圆滑，得体,
referee,n.(足球等)裁判员,
bank,vi.把钱存入银行,
stagger,vi.蹒跚,vt.使摇晃
cereal,n.谷类，五谷，禾谷,
consumption,n.消费(量)，灭绝,
swell,vi.&vt.使膨胀，隆起,
experimentally,ad.实验上，实验性地,
enclosure,n.围绕；围场，围栏,
innovation,n.创新，改革，新设施,
fuss,n.忙乱；吹捧,vi.忙乱
parameter,n.参(变)数；参量,
laundry,n.送洗衣店去洗的东西,
visit,vt.常去,
shipbuilding,n.造船(业)，造船学,
combustion,n.燃烧；氧化；骚动,
burial,n.安葬，埋葬，埋藏,
gigantic,a.巨大的；巨人似的,
commodity,n.日用品，商品，物品,
linear,a.线的；长度的,
bacon,n.咸猪肉，熏猪肉,
oyster,n.牡蛎；沉默寡言的人,
reproduction,n.再生(产)；繁殖,
assassinate,vt.暗杀，行刺；中伤,
stainless,a.纯洁的；不锈的,
devour,vt.吞食；吞灭，毁灭,
alteration,n.变更，改变；蚀变,
garlic,n.蒜，大蒜,
disillusion,n.觉醒,vt.使觉醒
idiot,n.白痴；傻子,
distinctly,ad.显然，清楚地,
axle,n.(轮)轴，车轴，心棒,
excess,n.过度行为，暴行,
scramble,vi.&n.爬行，攀登,
metallurgy,n.冶金学，冶金术,
fore,ad.在前面,a.先前的
primitive,a.远古的，未开化的,
sociology,n.社会学,
strip,n.窄条，长带,
perception,n.感觉；概念；理解力,
versatile,a.多方面的；通用的,
circular,n.传单，通报，通函,
forge,vt.打(铁等)，锻造,
sheer,a.纯粹的；全然的,
thrill,vt.&vi.(使)激动,
pitch,n.人造树脂,
reconcile,vt.使和好；调停,
exert,vt.发挥(威力)，施加,
frequency,n.频繁，屡次；频率,
peel,n.果皮，蔬菜皮,
waitress,n.女侍者，女服务员,
photoelectric,a.光电的,
questionnaire,n.调查表，征求意见表,
measurement,n.(量得的)尺寸，大小,
can,vt.装罐头,
whitewash,n.石灰水,vt.粉饰
defy,vt.向…挑战；蔑视,
malice,n.恶意；蓄意犯罪,
ecology,n.生态学；个体生态学,
shuttle,n.(织机的)梭,
everlasting,a.永久的；持久的,
whilst,conj.同…同时；然而,
refreshment,n.(精力的)恢复，爽快,
incorporate,vt.结合，合并，收编,
cautious,a.小心的，谨慎的,
puff,vi.喘气,vt.喷(烟等)
vocabulary,n.词汇表，词汇汇编,
intellect,n.理智，智力，才智,
notorious,a.臭名昭著的,
impress,vt.盖印，在…打记号,
handicap,vt.妨碍，使不利,
convert,vt.转变，改变，变换,
outlet,n.发泄(感情等)的方法,
tranquil,a.平静的；稳定的,
earthenware,n.陶器,
fertile,a.(创造力)丰富的,
platform,n.政纲，党纲，宣言,
overall,a.综合的,n.工作服
junior,n.年少者；晚辈,
southwards,ad.向南方,
compatible,a.一致的；兼容制的,
deliberate,a.深思熟虑的；审慎的,
mesh,n.网眼，筛孔，网络,
shrimp,n.(小)虾，河虾，褐虾,
wade,vt.趟(河)，跋涉,
extract,vt.取出；榨取,n.摘录
patriotic,a.爱国的,
latitude,n.纬度；黄纬,
baron,n.男爵；贵族；巨商,
fearless,a.无畏的，大胆的,
homely,a.家庭的；家常的,
subscript,a.写在下方的,n.下标
subdue,vt.使屈服，征服,
preset,vt.预先装置,
stew,vt.炖,vi.炖着
slave,vi.作苦工,vt.奴役
pacific,a.性情温和的,
watertight,a.不漏水的，防水的,
fowl,n.家禽；禽肉,
photography,n.摄影术,
embrace,vt.包括，包含；包围,
enchant,vt.迷住；用魔法迷惑,
ingenious,a.机灵的；精巧制成的,
poke,vt.戳，刺；伸(头等),
overseas,ad.在海外，(向)国外,
admiration,n.钦佩；赞美，羡慕,
cruelty,n.残酷；残酷行为,
pressure,n.电压；大气压力,
shovel,n.铲，铁铲,vt.铲
deform,vt.损坏…的形状,
complexity,n.复杂(性),
designate,vt.指出，指示；指定,
concession,n.让步，迁就,
observation,n.意见，短评，按语,
passport,n.达到目的的手段,
faction,n.派别，宗派，小集团,
construction,n.结构；作图(法),
radiator,n.暖气片，散热器,
brace,n.支柱,vt.拉紧，撑牢
abolish,vt.废除，取消,
pickle,n.腌制食品，泡菜,
awkward,a.不雅观的,
stammer,vt.口吃地说,n.口吃
sensitivity,n.敏感(性)；灵敏性,
annually,ad.年年，每年,
shorten,vt.弄短，缩小，减少,
outline,vt.概述，概括,
woe,n.悲哀，悲痛，苦恼,
boycott,vt.&n.联合抵制,
incline,n.坡度,
hard,a.(酒)烈性的,
scoff,vt.&vi.嘲笑，嘲弄,
historic,a.历史的；历史性的,
choice,n.入选者,a.优等的
thrash,vt.痛打，鞭打,vi.打
thesis,n.论题，论点；论文,
vowel,n.元音；元音字母,
striking,a.显著的，惊人的,
peck,vt.&vi.啄，啄起,
barley,n.大麦,
humidity,n.湿气；湿度,
prescription,n.药方，处方的药,
indignation,n.愤怒，愤慨，义愤,
comply,vi.应允，遵照，照做,
taper,n.细小的蜡烛；微光,
cradle,n.摇篮，发源地,
harbour,vt.隐匿，窝藏；怀着,
diplomatic,a.外交的；有策略的,
cape,n.披肩，斗篷；海角,
incompatible,a.不相容的,
olive,n.橄榄，橄榄树,
pierce,vt.穿透，戳穿，洞察,
vigorous,a.精力旺盛的，茁壮的,
economically,ad.节约地，在经济上,
outside,prep.在…外，向…外,
presume,vt.假定，假设，揣测,
polar,a.南(北)极的；极性的,
courageous,a.勇敢的，无畏的,
inherent,a.固有的，生来的,
valve,n.阀，阀门；电子管,
pope,n.(罗马天主教的)教皇,
impurity,n.不纯；杂质；不道德,
input,vt.输入,n.输入
vigour,n.活力，精力；元气,
sight,n.情景，名胜，风景,
blunder,vi.犯大错,n.大错
lodging,n.寄宿，住宿；住所,
console,n.悬臂，肘托；控制台,
wharf,n.码头，停泊所,
visa,n.签证,
repel,vt.拒绝；使厌恶,
stairway,n.楼梯,
resent,vt.对…不满，怨恨,
ignorance,n.无知，无学，愚昧,
repeal,vt.撤销；放弃,n.撤销
testify,v.证明，证实，作证,
vow,n.誓言，誓约，许愿,
correspondence,n.通信；符合；对应,
discrimination,n.辨别；识别力；歧视,
subtle,a.微妙的；精巧的,
conqueror,n.征服者，胜利者,
absurd,a.不合理的，荒唐的,
ingenuity,n.机灵；设计新颖,
offence,n.犯罪，犯规；冒犯,
predecessor,n.前辈，前任者,
maple,n.槭树，枫树,
statistics,n.统计，统计数字,
reel,vt.卷，绕,
bourgeois,a.资产阶级的；平庸的,
meditate,vt.沉思，冥想，反省,
module,n.模数；模；组件,
tyrant,n.暴君；专制君主,
fellowship,n.伙伴关系；联谊会,
spectrum,n.系列，范围；波谱,
virgin,n.处女,a.处女的
ivory,n.象牙；牙质；乳白色,
conservative,a.有保存力的，防腐的,
ice,vt.使成冰,vi.结冰
interact,vi.相互作用,
reside,vi.居住，驻扎；属于,
spice,n.香料，调味品；香气,
feminine,a.女性的；女子气的,
gracious,a.谦和的,
persevere,vi.坚持，不屈不挠,
mosque,n.清真寺,
qualify,vt.限制，限定，修饰,
cane,n.(藤等)茎；手杖,
coherent,a.粘着的；紧凑的,
clinic,n.诊所，医务室；会诊,
extravagant,a.奢侈的；过度的,
video,a.录象的,
spectator,n.参观者，观众,
superiority,n.优越(性)，优势,
corrosion,n.腐蚀，侵蚀；锈,
calibration,n.校准；标定，刻度,
assumption,n.采取；假定；傲慢,
productive,a.生产的；出产…的,
doubtless,ad.无疑地；很可能,
apt,a.恰当的；聪明的,
prediction,n.预言，预告；预报,
roller,n.滚柱，滚筒，辊,
regenerative,a.新生的；回授的,
sift,vt.筛，过滤,vi.通过
limb,n.分支，突出物,
sheriff,n.郡长；警察局长,
caution,n.小心；告诫,vt.警告
suitcase,n.小提箱，衣箱,
advantageous,a.有利的，有助的,
over,prep.在(做)…时,
concentrate,vt.&vi.浓缩，提浓,
overwhelming,a.压倒的，势不可挡的,
rebuke,vt.指责，非难，斥责,
adjoin,vt.贴近，毗连；靠近,
exceptional,a.例外的；优越的,
hitherto,ad.迄今，到目前为止,
torque,n.转(力)矩，扭(力)矩,
bid,vt.命令,vi.报价
haul,vt.拖曳；拖运,
coke,n.焦炭,vt.&vi.炼焦
cosmos,n.宇宙；秩序，和谐,
equivalent,a.等面(体)积的,
depression,n.消沉；不景气萧条期,
kinetic,a.动力(学)的；活动的,
luxurious,a.爱好奢侈的，豪华的,
ward,n.病房，病室；监房,
start,vt.开动，着手；开设,
oath,n.誓言，誓约，宣誓,
economics,n.经济学；经济,
modification,n.缓和；修改；修饰,
grumble,vi.抱怨，发牢骚,
discern,vt.看出，辨出；辨别,
Saturn,n.农神；土星,
prototype,n.原型；典型，范例,
displacement,n.移置；免职；置换,
relay,vt.分程传递；使接替,
vine,n.蔓，藤，藤本植物,
physically,ad.物质上；体格上,
warfare,n.战争，战争状态,
glorify,vt.赞美(上帝)；颂扬,
lathe,n.车床,vt.用车床加工
blast,n.管乐器的声音,
grassy,a.草多的；草似的,
directory,n.姓名地址录；董事会,
radius,n.半径距离；界限,
web,n.网，丝，网状物,
embassy,n.大使馆；大使的职务,
pasture,n.牧场；牲畜饲养,
martyr,n.烈士，殉难者,
grin,vi.咧着嘴笑,
bug,n.虫子；臭虫,
novel,a.新的，异常的,
rip,vi.撕啐，扯破，划破,
sculpture,n.雕刻(术)；雕刻品,
barely,ad.仅仅，勉强,
eloquence,n.雄辩；口才，修辞,
lump,vt.(使)成团,vi.结块
hose,n.长筒袜；软管,
mobilize,vt.动员,vi.动员起来
extraction,n.抽出；提取法；摘要,
symmetry,n.对称(性)，匀称,
intervene,vi.干涉，干预；播进,
replace,vt.送还，归还，赔还,
irrespective,a.不考虑的，不顾的,
straighten,vt.把…弄直vi.挺起来,
aviation,n.飞行,
promptly,ad.敏捷地，迅速地,
first-rate,a.第一流的，优秀的,
freshen,vt.使显得新鲜,
slide,n.滑板，滑座,
compression,n.压缩，压紧，浓缩,
maintenance,n.扶养；坚持,
incidence,n.发生，影响；入射,
wring,vt.拧，挤，扭，榨,
Islam,n.伊斯兰教，回教,
intercourse,n.交际，往来，交流,
hug,vt.搂,n.紧紧拥抱
integrate,vt.使结合，使并入,
merciful,a.仁慈的，宽大的,
reptile,n.爬行动物；两栖动物,
coefficient,n.协同因素；系数，率,
poultry,n.家禽,
ridicule,vi.&n.嘲弄，挖苦,
assert,vt.断言，宣称；维护,
thereafter,ad.此后，以后,
extinguish,vt.熄灭，扑灭；消灭,
cater,vi.迎合，投合,
ferry,n.渡船；渡口,vt.运送
overthrow,vt.推翻,n.推翻，瓦解
disagreement,n.不一致；争论,
murmur,n.低沉连续的声音,
vein,n.静脉，血管，矿脉,
postulate,vt.要求，假定，假设,
individual,a.特殊的,
surpass,vt.超过，超越，胜过,
wasp,n.黄蜂，蚂蜂,
objective,n.宾格,a.目标的
magnify,vt.放大，扩大,
utilization,n.利用，效用,
fragrant,a.香的，芬芳的,
faultless,a.无过失的；无缺点的,
youngster,n.儿童，少年，年轻人,
skyscraper,n.摩天楼,
length,n.程度，范围,
recommendation,n.推荐，介绍；建议,
leakage,n.漏，泄漏；漏出物,
revolve,vt.&vi.(使)旋转,
mitten,n.连指手套；露指手套,
drama,n.戏剧性事件；戏剧性,
flaw,n.缺点，瑕疵；裂隙,
modulate,vt.调整，调节(声音),
verge,n.边缘，边界，界限,
proceeding,n.程序，行动，事项,
satisfactorily,ad.圆满地,
simultaneous,a.同时的，同时存在的,
reveal,vt.告诉，揭示，泄露,
between,ad.当中，中间,
irrigation,n.灌溉；冲洗法,
slim,a.细长的；微小的,
microscopic,a.显微镜的，微观的,
second-hand,n.旧的，第二手的,
fossil,n.化石,a.化石的
literary,a.精通文学的,
introduce,vt.提出(议案等),
pilgrim,n.香客，朝圣者,
raisin,n.葡萄干,
penetration,n.穿入；渗透，侵入,
hostage,n.人质，抵押品,
trivial,a.琐碎的；平常的,
hymn,n.赞美诗，圣歌；赞歌,
representation,n.描写；陈述；代表,
sturdy,a.坚定的；牢固的,
disastrous,a.灾难性的；悲惨的,
sovereign,n.君主,a.统治的
climax,n.(兴趣的)顶点,
disappearance,n.消失，消散；失踪,
perpetual,a.永久的；四季开花的,
perfect,vt.使熟练，使改善,
turtle,n.海龟，玳瑁；甲鱼肉,
scorch,vi.烧焦，枯萎；挖苦,
hostile,a.敌对的；不友好的,
transaction,n.处理；交易；和解,
mend,vt.改正，修正；改进,
flask,n.瓶；火药筒；砂箱,
quest,vt.寻找,vi.追求
sweetness,n.甜蜜；新鲜；温和,
anode,n.阳极，正极，板极,
burner,n.灯头，煤气头,
datum,n.资料；数据；已知数,
bulletin,告示，公告，公报,
entitle,vt.把…称作,
raise,vt.提出，发起，发出,
deviation,n.背离，偏离；偏差数,
viscous,a.粘滞的，粘性的,
clash,n.碰撞声；抵触，冲突,
mute,n.弱音器；闭止音,
ambiguous,a.模棱两可的；分歧的,
supersonic,a.超声的，超声速的,
melody,n.旋律，曲调；歌曲,
horizon,n.层位,
rattle,vt.发出格格声,
coach,vt.辅导，指导，训练,
gramophone,n.留声机,
overwhelm,vt.压倒，使不知所措,
luminous,a.发光的；光明的,
amateur,a.业余的n.业余爱好者,
clip,vt.夹住,n.夹子，钳子
magnet,n.有吸引力的人(或物),
similarity,n.类似，相似；类似点,
prolong,vt.延长，拉长，拖延,
horn,n.角状物，角制品,
set,n.集(合),
coordinate,a.同等的,n.同等的人
rally,n.&vt.&vi.(重新)集合,
hesitate,vi.含糊，支吾；口吃,
clatter,n.得得声，卡嗒声,
symmetrical,a.对称的，匀称的,
avail,vt.有益于,n.效用
modesty,n.谦逊；端庄；羞怯,
strife,n.冲突，竞争,
undertake,vt.约定，保证；从事,
infinite,n.无限；无穷(大),
germ,n.细菌，病原菌；幼芽,
acquaint,vt.使认识，使了解,
currency,n.通货；通用；市价,
inspiration,n.灵感；妙想；鼓舞,
strait,n.海峡,
tramp,vt.&vi.&n.步行，跋涉,
hull,n.外壳，豆荚；薄膜,
dentist,n.牙科医生,
prohibition,n.禁止；禁令，禁律,
blacksmith,n.铁匠，锻工,
heave,vt.(用力地)举起；抛,
mint,n.造币厂；巨额，富源,
urge,vt.&vi.强烈希望,
salute,vt.迎接，欢迎,
rear,vt.饲养，培植；抚养,
rigorous,a.(性格等)严峻的,
distinguish,v.使显出特色，使杰出,
sham,n.假冒；膺品,vt.假装
extinct,a.绝种的；熄灭了的,
context,n.上下文；来龙去脉,
blond,n.白肤金发碧眼的人,
motive,a.发动的，运动的,
watchful,a.注意的，警惕的,
triangular,a.三角的；三者间的,
installment,n.分期付款,
prick,vt.刺(穿),n.刺孔
mild,a.(烟、酒)味淡的,
scratch,n.起跑线，起步线,
reciprocal,a.相互的；互利的,
puppy,n.小狗；幼小的动物,
mercury,n.汞，水银；水银柱,
sincerity,n.真诚，诚意；真实,
wisdom,n.(古人的)名言，格言,
scope,n.眼界,
vicious,a.邪恶的；恶性的,
composite,a.合成的,n.合成物
vicinity,n.邻近；附近地区,
sitting-room,n.起居室,
intake,n.吸入；输入能量,
provision,n.规定，条款，条项,
garment,n.衣服；服装，衣着,
cylinder,n.圆筒；柱(面)；汽缸,
microwave,n.微波,
twilight,n.黎明，黄昏；曙光,
norm,n.标准，规范；平均数,
impose,vi.利用；欺骗,
maid,n.少女；处女,
shatter,vt.粉碎，破碎；毁坏,
fury,n.狂怒，暴怒；猛烈,
moderately,ad.适度地，适中,
experimentation,n.实验，试验；实验法,
elliptical,a.椭圆的；省略的,
reactor,n.反应器；反应堆,
bound,a.应当的；必定的,
politics,n.政纲，政见，策略,
location,n.定位，测位；测量,
incapable,a.无能力的；无资格的,
dioxide,n.二氧化物,
solar,a.利用太阳光的,
outermost,a.最外面的，最远的,
house,n.议院，会议厅,
workpiece,n.工(作)件,
instrumental,a.仪器的；有帮助的,
hearty,a.衷心的；丰盛的,
petition,n.请愿,vt.向…请愿
priority,n.先，前；优先，重点,
endeavor,vi.&n.努力，尽力,
shabby,a.褴褛的；破旧的,
seemingly,ad.表面上，外表上,
characterize,vt.表示…的特性,
requisite,a.需要的,n.必需品
analytic(al),a.分析的；分解的,
oar,n.桨；划手,vi.划(行)
geographical,a.地理的；地区(性)的,
gossip,n.闲谈；碎嘴子；漫笔,
xerox,vt.&vi.用静电复印,
cancel,vt.删去，勾销，取消,
participant,n.参加者,a.有份的
spite,n.恶意，怨恨,
hearth,n.壁炉地面；炉边,
fluctuate,vi.波动,vt.使波动
widely,ad.大大地,
industrious,a.勤劳的，勤奋的,
frightful,a.可怕的；讨厌的,
sink,n.(厨房内的)洗涤槽,
subdivide,vt.把…再分,
pulley,n.滑轮，滑车，皮带轮,
comedy,n.喜剧；喜剧场面,
message,n.启示，要旨，教训,
stuffy,a.不透气的，闷热的,
gap,n.山口，山峡；差距,
shaft,n.(工具的)柄，杆状物,
guilt,n.有罪，犯罪；内疚,
availability,n.有效(性)；可得性,
stout,a.矮胖的；坚固的,
snore,vi.打鼾，打呼噜,
dealer,n.商人，贩子；发牌者,
numerical,a.数字的，数值的,
confirmation,n.证实，确定；确认,
negligible,a.微不足道的,
squash,vt.压碎,n.鲜果汁
cement,vt.粘结,vi.粘紧
comprehend,vt.了解，理解，领会,
engagement,n.婚约；约会，债务,
fright,n.惊吓，恐怖,
loosen,vi.变松,
grind,vt.折磨，压榨,
signify,vt.表示，意味着,
superstition,n.迷信，迷信行为,
thrifty,a.节俭的；兴旺的,
fantastic,a.空想的；奇异的,
watery,a.水的；湿的；乏味的,
cartridge,n.弹药筒，子弹；软片,
representative,a.代表性的；代议制的,
resign,vt.使顺从，使听任于,
dissipate,vt.驱散；浪费vi.消散,
excessively,ad.过分，极端地,
fragile,a.脆的；体质弱的,
exemplify,vt.举例证明(解释),
executive,n.总经理，董事,
electrician,n.电工，电气技师,
endurance,n.耐久力，持久力,
jungle,n.丛林，密林，莽丛,
surplus,n.过剩，剩余(物资),
marvel,n.奇迹；惊奇,vt.惊奇
resume,n.(谋职者的)个人简历,
hurricane,n.飓风，十二级风,
entreat,vt.&vi.恳求,
reign,n.朝代,
dazzle,vt.&vi.炫耀；迷惑,
margin,n.余地；幅度；赚头,
rapture,n.狂喜，欢天喜地,
gathering,n.集会，聚会，聚集,
tempt,vt.引诱，诱惑，劝诱,
seaport,n.海港，港口，港市,
foreign,a.无关的,
consolidate,vt.巩固,vi.合并
verse,n.诗，韵文；诗行,
engage,vt.使(齿轮等)啮合,
trade,vi.做买卖；交换,
expire,vi.满期，到期；断气,
automate,vt.使自动化,
hover,vi.徘徊；傍徨；翱翔,
crisis,n.危机；转折点,
kidnap,vt.诱拐，绑架,
denounce,vt.谴责，声讨；告发,
uranium,n.铀,
charm,n.魅力；妩媚,vi.迷人
section,n.切下的部分,
panel,n.(选定的)专门小组,
neighbouring,a.邻近的，接壤的,
stride,vi.大踏步走,n.大步
supervise,vt.&vi.监督，监视,
inferior,n.下级；晚辈，次品,
perpendicular,a.垂直的,n.垂直(线)
commonplace,a.平凡的,n.平常话
assault,vt.袭击；殴打,n.攻击
mist,n.薄雾,vi.下薄雾
